Task Name,Time Est,Reward,Effort,Tasks Unompleted,Group ID
red,inf,1,inf,80,0
green,51.57,0.95,0.0083,19,3
green,34.38,0.95,0.0274,19,3
green,35.11,0.95,0.0008,19,3
green,48.98,0.95,0.0057,19,3
green,45.06,0.95,0.0054,19,3
green,34.55,0.95,0.004,19,3
green,39.9,0.95,0.0048,19,3
green,51.05,0.95,0.0057,19,3
green,41.39,0.95,0.0049,19,3
green,36.24,0.95,0.0042,19,3
green,40.71,0.95,0.0047,19,3
green,46.95,0.95,0.0053,19,3
green,41.7,0.95,0.0048,19,3
green,36.26,0.95,0.0042,19,3
green,42.03,0.95,0.0048,19,3
green,50.49,0.95,0.0056,19,3
green,37.7,0.95,0.1728,19,3
green,47.74,0.85,0.3146,17,3
green,36.54,0.85,0.2837,17,3
green,0.03,0.85,0.2738,17,3
red,0.05,0.975,0.1977,78,2
red,0.04,0.975,0.0764,78,2
blue,33.71,0.986666667,0.0038,148,1
blue,22.47,0.986666667,0.0127,148,1
blue,32.26,0.986666667,0.0337,148,1
blue,23.26,0.986666667,0.27,148,1
blue,31.2,0.986666667,0.2474,148,1
blue,26.9,0.986666667,0.2757,148,1
blue,32.07,0.986666667,0.2615,148,1
blue,30.83,0.986666667,0.2312,148,1
blue,30.43,0.986666667,0.2294,148,1
blue,31.58,0.986666667,0.2567,148,1
blue,15.05,0.98,0.0015,147,1
red,82.52,0.9875,0.0036,79,1
red,55.01,0.9875,0.0535,79,1
red,56.6,0.9875,0.0011,79,1
red,66.01,0.9875,0.0212,79,1
red,63.52,0.9875,0.0215,79,1
red,69.19,0.9875,0.0238,79,1
red,56.02,0.9875,0.0212,79,1
red,66.66,0.9875,0.0231,79,1
red,82.11,0.9875,0.0246,79,1
red,59.51,0.9875,0.0227,79,1
red,57.94,0.9875,0.0223,79,1
red,80.61,0.9875,0.0246,79,1
red,70.87,0.9875,0.0245,79,1
red,65.27,0.9875,0.0239,79,1
red,78.94,0.9875,0.0257,79,1
red,61.1,0.9875,0.0243,79,1
red,55.92,0.9875,0.0238,79,1
red,72,0.9875,0.0259,79,1
red,75.81,0.9875,0.0259,79,1
red,57.06,0.9875,0.0242,79,1
red,60.54,0.9875,0.0254,79,1
red,57.82,0.9875,0.016,79,1
red,56.97,0.9875,0.0114,79,1
red,77.89,0.9875,0.0083,79,1
red,62.99,0.9875,0.0069,79,1
red,68.49,0.9875,0.0076,79,1
red,68.11,0.9875,0.0075,79,1
red,64.12,0.9875,0.0071,79,1
red,73.41,0.9875,0.0079,79,1
red,59.71,0.9875,0.0065,79,1
red,78.54,0.9875,0.0082,79,1
red,57.57,0.9875,0.0061,79,1
red,80.33,0.9875,0.0084,79,1
red,57.8,0.9875,0.0062,79,1
red,77.81,0.9875,0.0083,79,1
red,59.81,0.9875,0.0065,79,1
red,73.5,0.9875,0.008,79,1
red,62.56,0.9875,0.0068,79,1
red,70.71,0.9875,0.0078,79,1
red,63.76,0.9875,0.0071,79,1
red,66.21,0.9875,0.0074,79,1
red,72.14,0.9875,0.0079,79,1
red,60.14,0.9875,0.0066,79,1
red,80.21,0.9875,0.0085,79,1
red,55.58,0.9875,0.006,79,1
red,56.66,0.9875,0.0063,79,1
red,75.8,0.9875,0.0084,79,1
red,61.58,0.9875,0.0069,79,1
red,68.77,0.9875,0.0079,79,1
red,67.91,0.9875,0.0077,79,1
red,62.71,0.9875,0.0072,79,1
red,72.79,0.9875,0.008,79,1
red,59.05,0.9875,0.0066,79,1
red,75.42,0.9875,0.0082,79,1
red,58.97,0.9875,0.0065,79,1
red,75.16,0.9875,0.0081,79,1
red,59.25,0.9875,0.0065,79,1
red,74.12,0.9875,0.008,79,1
red,60.71,0.9875,0.0067,79,1
red,71.79,0.9875,0.0079,79,1
red,65.4,0.9875,0.0072,79,1
red,67.48,0.9875,0.0075,79,1
red,70.14,0.9875,0.0077,79,1
red,61.25,0.9875,0.0069,79,1
red,75.2,0.9875,0.0082,79,1
red,59.08,0.9875,0.0065,79,1
red,78.32,0.9875,0.0084,79,1
red,57.33,0.9875,0.0063,79,1
red,77.91,0.9875,0.0084,79,1
red,58.19,0.9875,0.0064,79,1
red,75.19,0.9875,0.0084,79,1
red,62.16,0.9875,0.007,79,1
red,66.25,0.9875,0.0076,79,1
red,73.58,0.9875,0.0081,79,1
red,57.98,0.9875,0.0066,79,1
red,80.22,0.9875,0.0087,79,1
red,55.38,0.9875,0.0061,79,1
red,77.98,0.9875,0.0087,79,1
red,62.32,0.9875,0.0074,79,1
red,64.69,0.9875,0.0075,79,1
red,70.51,0.9875,0.0079,79,1
red,60.15,0.9875,0.0068,79,1
red,75.09,0.9875,0.0082,79,1
red,58.15,0.9875,0.0064,79,1
red,76.43,0.9875,0.0083,79,1
red,60.09,0.9875,0.0066,79,1
red,74.48,0.9875,0.0081,79,1
red,61.53,0.9875,0.0068,79,1
red,70.15,0.9875,0.0077,79,1
red,66.62,0.9875,0.0073,79,1
red,64.94,0.9875,0.0072,79,1
red,69.46,0.9875,0.0076,79,1
red,62.6,0.9875,0.0069,79,1
red,70.86,0.9875,0.0077,79,1
red,62.36,0.9875,0.0068,79,1
red,70.64,0.9875,0.0077,79,1
red,63.25,0.9875,0.0069,79,1
red,70.52,0.9875,0.0077,79,1
red,62.95,0.9875,0.0069,79,1
red,68.83,0.9875,0.0077,79,1
red,65.31,0.9875,0.0073,79,1
red,64.35,0.9875,0.0073,79,1
red,70.81,0.9875,0.0079,79,1
red,60.91,0.9875,0.0069,79,1
red,75.74,0.9875,0.0083,79,1
red,57.19,0.9875,0.0064,79,1
red,56.05,0.9875,0.0062,79,1
red,81.67,0.9875,0.0088,79,1
red,56.06,0.9875,0.0062,79,1
red,76.86,0.9875,0.0085,79,1
red,58.7,0.9875,0.0067,79,1
red,71.76,0.9875,0.008,79,1
red,64.86,0.9875,0.0075,79,1
red,63.7,0.9875,0.0074,79,1
red,73.35,0.9875,0.0083,79,1
red,57.65,0.9875,0.0066,79,1
red,80.68,0.9875,0.0088,79,1
red,55.22,0.9875,0.0061,79,1
red,78.83,0.9875,0.0086,79,1
red,56.25,0.9875,0.0063,79,1
red,76.8,0.9875,0.0084,79,1
red,60.04,0.9875,0.0067,79,1
red,71.03,0.9875,0.0079,79,1
red,66.3,0.9875,0.0074,79,1
red,64.03,0.9875,0.0072,79,1
red,69.08,0.9875,0.0077,79,1
red,61.21,0.9875,0.0069,79,1
red,73.07,0.9875,0.008,79,1
red,61.83,0.9875,0.0069,79,1
red,72.4,0.9875,0.0079,79,1
red,61.08,0.9875,0.0068,79,1
red,73.26,0.9875,0.008,79,1
red,59.97,0.9875,0.0066,79,1
red,74.37,0.9875,0.0081,79,1
red,60.32,0.9875,0.0066,79,1
red,74.38,0.9875,0.0081,79,1
red,59.61,0.9875,0.0066,79,1
red,72.8,0.9875,0.008,79,1
red,62.2,0.9875,0.0069,79,1
red,60.39,0.9875,0.0133,79,1
red,81.35,0.9875,0.0079,79,1
red,65.66,0.9875,0.0071,79,1
red,66.7,0.9875,0.0072,79,1
red,73.52,0.9875,0.0078,79,1
red,59.85,0.9875,0.0065,79,1
red,59.69,0.9875,0.0081,79,1
red,61.95,0.9875,0.007,79,1
red,68.32,0.9875,0.0078,79,1
red,68.78,0.9875,0.0078,79,1
red,60.87,0.9875,0.007,79,1
red,78.1,0.9875,0.0087,79,1
red,55.51,0.9875,0.0062,79,1
red,81.74,0.9875,0.0088,79,1
red,55.64,0.9875,0.0062,79,1
red,77.06,0.9875,0.0086,79,1
red,60.69,0.9875,0.0069,79,1
red,69.87,0.9875,0.008,79,1
red,70.2,0.9875,0.0079,79,1
red,60.92,0.9875,0.0069,79,1
red,75.63,0.9875,0.0083,79,1
red,57.95,0.9875,0.0064,79,1
red,77.4,0.9875,0.0084,79,1
red,57.85,0.9875,0.0064,79,1
red,77.8,0.9875,0.0085,79,1
red,58.28,0.9875,0.0065,79,1
red,75.38,0.9875,0.0083,79,1
red,60.52,0.9875,0.0068,79,1
red,70.12,0.9875,0.008,79,1
red,66.06,0.9875,0.0075,79,1
red,63.28,0.9875,0.0072,79,1
red,69.92,0.9875,0.0078,79,1
red,73.77,0.9875,0.008,79,1
red,59.82,0.9875,0.0066,79,1
red,74.34,0.9875,0.0081,79,1
red,60.03,0.9875,0.0066,79,1
red,73,0.9875,0.0079,79,1
red,63.34,0.9875,0.007,79,1
red,69.42,0.9875,0.0076,79,1
red,65.53,0.9875,0.0072,79,1
red,66,0.9875,0.0073,79,1
red,70.43,0.9875,0.0078,79,1
red,61.59,0.9875,0.0069,79,1
red,73.04,0.9875,0.008,79,1
red,58.53,0.9875,0.0065,79,1
red,76.14,0.9875,0.0082,79,1
red,57.83,0.9875,0.0064,79,1
red,68.95,0.9875,0.0104,79,1
red,60.2,0.9875,0.0086,79,1
red,64.3,0.9875,0.0091,79,1
red,55.65,0.9875,0.0079,79,1
red,66.94,0.9875,0.0093,79,1
red,56.78,0.9875,0.008,79,1
red,64.53,0.9875,0.009,79,1
red,58.27,0.9875,0.0082,79,1
red,61.13,0.9875,0.0086,79,1
red,63.51,0.9875,0.0089,79,1
red,56.37,0.9875,0.008,79,1
red,67.88,0.9875,0.0094,79,1
red,65.22,0.9875,0.0092,79,1
red,59.94,0.9875,0.0085,79,1
green,60.31,0.95,0.0034,19,1
green,83.03,0.95,0.0135,19,3
green,65.26,0.95,0.014,19,3
red,67.15,0.9875,0.0093,79,1
green,67.57,0.95,0.0063,19,1
red,73.06,0.9875,0.0113,79,1
red,72.41,0.9875,0.004,79,3
green,72.87,0.95,0.0127,19,3
red,72.48,0.9875,0.01,79,1
green,72.93,0.95,0.0068,19,1
red,73.45,0.9875,0.0119,79,1
green,73.91,0.95,0.0033,19,1
red,75.92,0.9875,0.0063,79,3
green,76.39,0.95,0.0102,19,3
red,74.02,0.9875,0.0036,79,3
red,79.04,0.9875,0.0102,79,1
green,79.53,0.95,0.0064,19,1
red,71.26,0.9875,0.0113,79,1
green,71.71,0.95,0.003,19,1
red,72.67,0.9875,0.0041,79,3
green,73.12,0.95,0.0127,19,3
red,75.66,0.9875,0.0101,79,1
red,69.81,0.9875,0.0112,79,1
green,70.25,0.95,0.0028,19,1
red,71.16,0.9875,0.004,79,3
green,71.6,0.95,0.0125,19,3
red,76.38,0.9875,0.0102,79,1
red,70.49,0.9875,0.0114,79,1
green,70.93,0.95,0.003,19,1
red,69.45,0.9875,0.0035,79,3
green,69.89,0.95,0.0119,19,3
red,71.21,0.9875,0.012,79,1
green,71.66,0.95,0.0035,19,1
red,80.14,0.9875,0.0065,79,3
green,80.65,0.95,0.0108,19,3
red,71.49,0.9875,0.0036,79,3
green,71.94,0.95,0.0122,19,3
red,69.83,0.9875,0.0114,79,1
green,70.26,0.95,0.003,19,1
red,73.09,0.9875,0.0039,79,3
green,73.55,0.95,0.0123,19,3
red,80.51,0.9875,0.0102,79,1
green,81.02,0.95,0.0064,19,1
red,71.56,0.9875,0.0112,79,1
red,74.21,0.9875,0.0047,79,3
green,74.67,0.95,0.0133,19,3
red,66.89,0.9875,0.0097,79,1
green,67.31,0.95,0.0071,19,1
green,74.95,0.95,0.0031,19,1
red,69.93,0.9875,0.0067,79,3
green,70.37,0.95,0.0105,19,3
red,79.98,0.9875,0.0054,79,3
green,80.48,0.95,0.0141,19,3
red,56.21,0.9875,0.0082,79,1
green,56.56,0.95,0.0079,19,1
red,79.39,0.9875,0.0118,79,1
green,79.89,0.95,0.0032,19,1
red,67.99,0.9875,0.0068,79,3
green,68.42,0.95,0.0096,19,3
red,81.78,0.9875,0.0052,79,3
green,82.29,0.95,0.0138,19,3
green,55.35,0.95,0.0082,19,1
red,81.5,0.9875,0.0119,79,1
green,82.01,0.95,0.0035,19,1
red,59.79,0.9875,0.0072,79,3
green,60.16,0.95,0.0088,19,3
red,82.08,0.9875,0.0049,79,3
green,82.59,0.95,0.0134,19,3
red,82.22,0.9875,0.0126,79,1
green,82.74,0.95,0.0043,19,1
red,55.24,0.9875,0.0096,79,1
red,57.25,0.9875,0.0046,79,3
green,57.61,0.95,0.0109,19,3
red,58.85,0.9875,0.0105,79,1
green,59.22,0.95,0.0038,19,1
green,60.22,0.95,0.011,19,3
red,61.94,0.9875,0.0108,79,1
red,60.8,0.9875,0.0038,79,3
green,61.18,0.95,0.0109,19,3
red,59.84,0.9875,0.0103,79,1
green,60.21,0.95,0.0039,19,1
red,62.82,0.9875,0.0042,79,3
green,63.21,0.95,0.0116,19,3
red,62.58,0.9875,0.0106,79,1
green,62.97,0.95,0.0033,19,1
red,65.85,0.9875,0.0041,79,3
green,66.26,0.95,0.012,19,3
red,66.8,0.9875,0.0109,79,1
green,67.22,0.95,0.0032,19,1
red,66.68,0.9875,0.0038,79,3
green,67.1,0.95,0.0118,19,3
green,76.22,0.95,0.0049,19,1
red,61.89,0.9875,0.007,79,3
green,62.28,0.95,0.0093,19,3
red,75.75,0.9875,0.0033,79,3
green,76.23,0.95,0.012,19,3
green,76.62,0.95,0.0065,19,1
red,76.95,0.9875,0.0124,79,1
green,77.43,0.95,0.0038,19,1
red,67.97,0.9875,0.0067,79,3
green,68.4,0.95,0.0099,19,3
red,74.32,0.9875,0.0034,79,3
green,74.79,0.95,0.0121,19,3
red,76.05,0.9875,0.0101,79,1
green,76.53,0.95,0.0066,19,1
green,78.38,0.95,0.0041,19,1
red,62.41,0.9875,0.0071,79,3
green,62.8,0.95,0.0096,19,3
green,77.54,0.95,0.0125,19,3
green,69.21,0.95,0.0069,19,1
red,81.77,0.9875,0.0133,79,1
green,82.28,0.95,0.0046,19,1
red,81.82,0.9875,0.0042,79,3
green,82.33,0.95,0.0127,19,3
red,57.91,0.9875,0.0084,79,1
red,82.15,0.9875,0.0128,79,1
green,82.66,0.95,0.0044,19,1
red,82.5,0.9875,0.0048,79,3
green,83.01,0.95,0.013,19,3
red,57.02,0.9875,0.0101,79,1
green,57.38,0.95,0.0056,19,1
red,60.61,0.9875,0.0116,79,1
green,60.99,0.95,0.0045,19,1
red,64.21,0.9875,0.0038,79,3
green,64.61,0.95,0.0113,19,3
green,66.71,0.95,0.0035,19,1
red,74.16,0.9875,0.0042,79,3
green,74.62,0.95,0.0126,19,3
red,72.45,0.9875,0.0102,79,1
green,72.91,0.95,0.0071,19,1
red,72.35,0.9875,0.0115,79,1
red,80.02,0.9875,0.0065,79,3
green,80.52,0.95,0.0105,19,3
red,76.4,0.9875,0.0044,79,3
green,76.88,0.95,0.0131,19,3
green,66.07,0.95,0.0073,19,1
red,77.92,0.9875,0.0126,79,1
green,78.41,0.95,0.0039,19,1
red,64.87,0.9875,0.0068,79,3
green,65.28,0.95,0.0093,19,3
red,80.23,0.9875,0.0043,79,3
green,80.73,0.95,0.013,19,3
green,62.7,0.95,0.0072,19,1
red,80.62,0.9875,0.0125,79,1
green,81.12,0.95,0.0039,19,1
red,59.41,0.9875,0.0072,79,3
red,81.98,0.9875,0.0046,79,3
green,82.49,0.95,0.0132,19,3
green,60.06,0.95,0.0041,19,1
red,65.93,0.9875,0.0045,79,3
green,66.34,0.95,0.0126,19,3
red,79.05,0.9875,0.0107,79,1
green,79.54,0.95,0.0066,19,1
red,67.58,0.9875,0.0113,79,1
green,68,0.95,0.003,19,1
red,74.09,0.9875,0.0045,79,3
green,74.55,0.95,0.0132,19,3
red,65.42,0.9875,0.0098,79,1
green,65.83,0.95,0.0074,19,1
red,75.78,0.9875,0.0122,79,1
green,76.25,0.95,0.0035,19,1
red,61.52,0.9875,0.0049,79,3
green,61.9,0.95,0.0062,19,3
red,64.64,0.9875,0.005,79,3
green,65.05,0.95,0.0063,19,3
red,69.6,0.9875,0.0056,79,3
green,70.04,0.95,0.0074,19,3
red,74.11,0.9875,0.0039,79,3
green,74.57,0.95,0.0061,19,3
green,66.41,0.95,0.0057,19,3
red,82.46,0.9875,0.015,79,1
green,82.97,0.95,0.0064,19,1
red,64.18,0.9875,0.0108,79,3
green,64.58,0.95,0.0194,19,3
red,69.06,0.9875,0.0024,79,3
green,69.49,0.95,0.0078,19,3
red,74.77,0.9875,0.0094,79,1
green,75.24,0.95,0.0077,19,1
red,79.12,0.9875,0.022,79,1
green,79.62,0.95,0.014,19,1
red,74.92,0.9875,0.0045,79,3
green,75.39,0.95,0.0096,19,3
red,67.94,0.9875,0.0045,79,3
green,68.37,0.95,0.0101,19,3
green,58.51,0.95,0.0042,19,1
red,62.65,0.9875,0.0043,79,3
green,63.04,0.95,0.0116,19,3
red,63.56,0.9875,0.0039,79,3
green,63.96,0.95,0.0115,19,3
green,63.6,0.95,0.0034,19,1
red,65.98,0.9875,0.004,79,3
green,66.39,0.95,0.0122,19,3
red,67.32,0.9875,0.0111,79,1
green,67.74,0.95,0.003,19,1
red,74.61,0.9875,0.0043,79,3
green,75.08,0.95,0.0128,19,3
red,70.68,0.9875,0.0101,79,1
green,71.12,0.95,0.0069,19,1
red,73.38,0.9875,0.0117,79,1
green,73.84,0.95,0.003,19,1
red,74.33,0.9875,0.0068,79,3
green,74.8,0.95,0.0106,19,3
red,77.49,0.9875,0.0046,79,3
red,63.82,0.9875,0.0092,79,1
green,64.22,0.95,0.0074,19,1
red,79.18,0.9875,0.0123,79,1
green,79.67,0.95,0.0036,19,1
red,63.11,0.9875,0.0071,79,3
red,80.95,0.9875,0.0046,79,3
green,81.46,0.95,0.0132,19,3
red,57.69,0.9875,0.0084,79,1
green,58.05,0.95,0.0077,19,1
red,80.97,0.9875,0.0123,79,1
green,81.48,0.95,0.0037,19,1
green,59.98,0.95,0.0089,19,3
red,82.42,0.9875,0.005,79,3
green,82.93,0.95,0.0135,19,3
red,56.53,0.9875,0.0102,79,1
green,56.89,0.95,0.0044,19,1
red,58.35,0.9875,0.0042,79,3
green,58.72,0.95,0.0111,19,3
blue,83.5,0.993333333,0.0035,149,1
red,60.01,0.9875,0.0103,79,1
blue,60.72,0.993333333,0.0104,149,1
green,60.38,0.95,0.004,19,1
red,74.45,0.9875,0.004,79,2
blue,75.34,0.993333333,0.0125,149,2
red,60.89,0.9875,0.0081,79,3
blue,61.61,0.993333333,0.0063,149,3
green,61.27,0.95,0.0111,19,3
blue,55.67,0.993333333,0.0094,149,1
red,78.27,0.9875,0.0037,79,2
blue,79.2,0.993333333,0.0126,149,2
green,78.75,0.95,0.0106,19,2
red,59.33,0.9875,0.0079,79,3
green,59.7,0.95,0.0108,19,3
red,57.15,0.9875,0.0084,79,2
green,57.51,0.95,0.004,19,2
red,76.12,0.9875,0.0031,79,2
blue,77.03,0.993333333,0.0124,149,2
green,76.6,0.95,0.0108,19,2
red,59.45,0.9875,0.0082,79,3
red,59.27,0.9875,0.0085,79,2
green,59.64,0.95,0.0047,19,2
red,72.82,0.9875,0.0028,79,2
blue,73.69,0.993333333,0.0121,149,2
green,73.27,0.95,0.0108,19,2
red,60.43,0.9875,0.009,79,3
blue,61.15,0.993333333,0.0053,149,3
green,60.81,0.95,0.0107,19,3
red,82.25,0.9875,0.0137,79,1
blue,83.24,0.993333333,0.0051,149,1
green,82.77,0.95,0.0075,19,1
red,59.38,0.9875,0.0084,79,2
green,59.75,0.95,0.0046,19,2
red,71.59,0.9875,0.0027,79,2
blue,72.44,0.993333333,0.012,149,2
green,72.03,0.95,0.0106,19,2
red,57.32,0.9875,0.0093,79,3
blue,58,0.993333333,0.0046,149,3
green,57.68,0.95,0.0102,19,3
blue,82.47,0.993333333,0.0054,149,1
green,82,0.95,0.0069,19,1
red,62.81,0.9875,0.0079,79,2
green,63.2,0.95,0.0053,19,2
red,69.34,0.9875,0.0023,79,2
blue,70.16,0.993333333,0.0116,149,2
green,69.77,0.95,0.0108,19,2
blue,58.69,0.993333333,0.0043,149,3
green,58.36,0.95,0.0101,19,3
red,78.87,0.9875,0.0127,79,1
blue,79.82,0.993333333,0.0052,149,1
green,79.37,0.95,0.0057,19,1
red,70.62,0.9875,0.0074,79,2
blue,71.47,0.993333333,0.0116,149,2
green,71.06,0.95,0.0065,19,2
red,65.79,0.9875,0.0024,79,2
blue,66.57,0.993333333,0.0114,149,2
green,66.2,0.95,0.0111,19,2
red,58.9,0.9875,0.0101,79,1
blue,77.16,0.993333333,0.0054,149,1
green,76.73,0.95,0.0056,19,1
red,71.99,0.9875,0.0068,79,2
blue,72.85,0.993333333,0.0116,149,2
red,68.54,0.9875,0.0031,79,2
blue,69.36,0.993333333,0.0121,149,2
green,68.97,0.95,0.0118,19,2
red,56.22,0.9875,0.0097,79,1
green,56.57,0.95,0.0096,19,1
red,80.32,0.9875,0.0132,79,1
blue,81.28,0.993333333,0.0061,149,1
green,80.82,0.95,0.0057,19,1
red,67.08,0.9875,0.0077,79,2
green,67.5,0.95,0.0065,19,2
red,61.79,0.9875,0.0021,79,2
blue,62.53,0.993333333,0.0109,149,2
green,62.18,0.95,0.0108,19,2
red,63.07,0.9875,0.0109,79,1
green,63.46,0.95,0.0106,19,1
red,75.52,0.9875,0.0133,79,1
blue,76.42,0.993333333,0.0054,149,1
green,75.99,0.95,0.0064,19,1
red,69.29,0.9875,0.0072,79,2
green,69.73,0.95,0.0063,19,2
red,64.23,0.9875,0.0024,79,2
blue,65,0.993333333,0.0112,149,2
green,64.63,0.95,0.0111,19,2
blue,61.98,0.993333333,0.0037,149,1
green,61.64,0.95,0.01,19,1
red,76.78,0.9875,0.0132,79,1
blue,77.69,0.993333333,0.0058,149,1
green,77.26,0.95,0.0059,19,1
red,69.69,0.9875,0.0073,79,2
blue,70.53,0.993333333,0.0117,149,2
green,70.13,0.95,0.0067,19,2
red,61.85,0.9875,0.0024,79,3
blue,62.59,0.993333333,0.0111,149,3
green,62.24,0.95,0.0111,19,3
red,63.42,0.9875,0.0109,79,1
blue,64.17,0.993333333,0.0036,149,1
green,63.81,0.95,0.0099,19,1
red,76.58,0.9875,0.0133,79,1
red,68.53,0.9875,0.0073,79,2
blue,69.35,0.993333333,0.0118,149,2
green,68.96,0.95,0.0067,19,2
blue,63.74,0.993333333,0.0113,149,3
green,63.38,0.95,0.0112,19,3
red,59.87,0.9875,0.0106,79,1
blue,60.59,0.993333333,0.0037,149,1
green,60.25,0.95,0.0099,19,1
red,78.29,0.9875,0.0137,79,1
blue,79.23,0.993333333,0.0061,149,1
green,78.78,0.95,0.0064,19,1
red,65.92,0.9875,0.0077,79,2
green,66.33,0.95,0.0062,19,2
red,63.14,0.9875,0.0021,79,2
blue,63.9,0.993333333,0.011,149,2
green,63.54,0.95,0.0108,19,2
red,62.67,0.9875,0.0106,79,1
green,63.06,0.95,0.0101,19,1
red,75.76,0.9875,0.013,79,1
blue,76.66,0.993333333,0.0056,149,1
blue,73.72,0.993333333,0.0116,149,2
green,73.3,0.95,0.0067,19,2
red,63.88,0.9875,0.0024,79,3
green,64.27,0.95,0.0108,19,3
red,70.41,0.9875,0.0113,79,1
blue,71.25,0.993333333,0.0035,149,1
green,70.85,0.95,0.0099,19,1
red,71.82,0.9875,0.0126,79,1
green,72.26,0.95,0.0048,19,1
red,77.04,0.9875,0.0066,79,2
blue,77.96,0.993333333,0.0121,149,2
green,77.52,0.95,0.0076,19,2
red,64.9,0.9875,0.0031,79,3
blue,65.68,0.993333333,0.0104,149,3
red,69.24,0.9875,0.0114,79,1
blue,70.07,0.993333333,0.0032,149,1
green,69.67,0.95,0.0096,19,1
red,72.06,0.9875,0.0127,79,1
blue,72.92,0.993333333,0.0065,149,1
green,72.51,0.95,0.0047,19,1
red,75.37,0.9875,0.0068,79,2
blue,76.27,0.993333333,0.0123,149,2
green,75.84,0.95,0.0077,19,2
red,64.02,0.9875,0.0032,79,3
blue,64.79,0.993333333,0.0103,149,3
green,64.42,0.95,0.0113,19,3
red,72.19,0.9875,0.0117,79,1
blue,73.05,0.993333333,0.0034,149,1
green,72.64,0.95,0.0098,19,1
red,68.85,0.9875,0.0124,79,1
blue,69.68,0.993333333,0.0062,149,1
green,69.28,0.95,0.0045,19,1
red,80.77,0.9875,0.0065,79,2
red,65.5,0.9875,0.0033,79,3
blue,66.28,0.993333333,0.0102,149,3
green,65.91,0.95,0.0113,19,3
red,73.95,0.9875,0.0118,79,1
blue,74.84,0.993333333,0.0032,149,1
green,74.41,0.95,0.0095,19,1
red,67.76,0.9875,0.0124,79,1
blue,68.57,0.993333333,0.0065,149,1
green,68.18,0.95,0.0042,19,1
red,81.31,0.9875,0.0063,79,2
green,81.81,0.95,0.0082,19,2
blue,66.04,0.993333333,0.0102,149,3
green,65.67,0.95,0.0114,19,3
red,72.76,0.9875,0.0117,79,1
blue,73.63,0.993333333,0.0034,149,1
green,73.21,0.95,0.0098,19,1
red,70.89,0.9875,0.0128,79,1
blue,71.74,0.993333333,0.0065,149,1
green,71.34,0.95,0.0048,19,1
red,77.46,0.9875,0.0067,79,2
green,77.94,0.95,0.0078,19,2
red,66.49,0.9875,0.003,79,3
blue,67.28,0.993333333,0.0106,149,3
green,66.9,0.95,0.0113,19,3
red,67.67,0.9875,0.0111,79,1
blue,68.47,0.993333333,0.004,149,1
green,68.09,0.95,0.0103,19,1
red,73.17,0.9875,0.0127,79,1
blue,74.04,0.993333333,0.0056,149,1
green,73.62,0.95,0.0054,19,1
red,76.28,0.9875,0.0068,79,2
blue,77.19,0.993333333,0.012,149,2
green,76.76,0.95,0.0073,19,2
red,65.96,0.9875,0.0028,79,3
blue,66.74,0.993333333,0.0112,149,3
green,66.37,0.95,0.0115,19,3
red,60.83,0.9875,0.0106,79,1
blue,61.55,0.993333333,0.0033,149,1
red,75.89,0.9875,0.0131,79,1
green,76.37,0.95,0.0054,19,1
red,71.58,0.9875,0.0072,79,2
red,63.77,0.9875,0.0027,79,3
red,61.46,0.9875,0.0108,79,1
blue,62.19,0.993333333,0.0036,149,1
green,61.84,0.95,0.0099,19,1
blue,77.95,0.993333333,0.0061,149,1
red,68.71,0.9875,0.0073,79,2
blue,69.53,0.993333333,0.0118,149,2
green,69.14,0.95,0.0068,19,2
red,64.44,0.9875,0.0026,79,3
blue,65.21,0.993333333,0.0113,149,3
green,64.84,0.95,0.0113,19,3
blue,61.88,0.993333333,0.0034,149,1
red,78.14,0.9875,0.0135,79,1
blue,79.07,0.993333333,0.0063,149,1
green,78.63,0.95,0.0059,19,1
red,66.29,0.9875,0.0076,79,2
red,66.72,0.9875,0.0028,79,2
blue,67.52,0.993333333,0.0119,149,2
green,67.14,0.95,0.0114,19,2
red,56.49,0.9875,0.0099,79,3
blue,57.16,0.993333333,0.0045,149,3
green,56.84,0.95,0.0104,19,3
blue,81.69,0.993333333,0.0056,149,1
green,81.23,0.95,0.0069,19,1
green,62.98,0.95,0.0055,19,2
red,70.45,0.9875,0.0027,79,2
blue,71.29,0.993333333,0.012,149,2
red,58.02,0.9875,0.0095,79,3
blue,58.71,0.993333333,0.0047,149,3
green,58.38,0.95,0.0104,19,3
blue,82.32,0.993333333,0.0052,149,1
green,81.86,0.95,0.0069,19,1
red,61.65,0.9875,0.0082,79,2
blue,62.39,0.993333333,0.0108,149,2
green,62.04,0.95,0.0051,19,2
red,70.59,0.9875,0.0027,79,2
blue,71.44,0.993333333,0.012,149,2
red,58.78,0.9875,0.0093,79,3
blue,59.49,0.993333333,0.0048,149,3
green,59.15,0.95,0.0104,19,3
red,81.75,0.9875,0.0136,79,1
blue,82.72,0.993333333,0.0054,149,1
green,82.26,0.95,0.0069,19,1
red,61.6,0.9875,0.0083,79,2
blue,62.34,0.993333333,0.0109,149,2
green,61.99,0.95,0.0052,19,2
red,68.6,0.9875,0.0025,79,2
green,69.03,0.95,0.0107,19,2
red,58.52,0.9875,0.0096,79,3
green,58.89,0.95,0.0105,19,3
red,81.36,0.9875,0.0135,79,1
green,81.87,0.95,0.0069,19,1
blue,62.63,0.993333333,0.0109,149,2
red,78.49,0.9875,0.0078,79,1
blue,79.42,0.993333333,0.0049,149,1
green,78.98,0.95,0.0028,19,1
green,58.04,0.95,0.0078,19,3
red,56.16,0.9875,0.0067,79,3
blue,56.83,0.993333333,0.0038,149,3
green,56.51,0.95,0.0072,19,3
red,82.51,0.9875,0.0051,79,2
blue,83.49,0.993333333,0.0081,149,2
green,83.02,0.95,0.0048,19,2
red,72.75,0.9875,0.0079,79,2
red,80.35,0.9875,0.0081,79,1
green,80.85,0.95,0.0028,19,1
red,80.58,0.9875,0.0062,79,2
blue,81.54,0.993333333,0.0075,149,2
green,81.08,0.95,0.0036,19,2
red,80.69,0.9875,0.0062,79,2
blue,81.65,0.993333333,0.0079,149,2
green,81.19,0.95,0.0038,19,2
red,63.09,0.9875,0.0091,79,1
blue,63.84,0.993333333,0.0017,149,1
green,63.49,0.95,0.0076,19,1
red,80.09,0.9875,0.0025,79,2
blue,81.04,0.993333333,0.0089,149,2
green,80.59,0.95,0.0072,19,2
red,65.12,0.9875,0.0143,79,1
blue,65.89,0.993333333,0.0062,149,1
green,65.52,0.95,0.0073,19,1
red,65.33,0.9875,0.0031,79,2
blue,66.11,0.993333333,0.0074,149,2
green,65.74,0.95,0.0068,19,2
red,64.77,0.9875,0.0133,79,1
blue,65.54,0.993333333,0.0068,149,1
green,65.17,0.95,0.0054,19,1
red,58.43,0.9875,0.0032,79,3
blue,59.12,0.993333333,0.007,149,3
green,58.79,0.95,0.0074,19,3
red,56.35,0.9875,0.0098,79,2
green,56.7,0.95,0.0048,19,2
red,69.57,0.9875,0.0072,79,1
blue,70.4,0.993333333,0.003,149,1
green,70.01,0.95,0.0066,19,1
red,55.14,0.9875,0.0108,79,2
blue,55.8,0.993333333,0.0116,149,2
green,55.49,0.95,0.0052,19,2
red,77.83,0.9875,0.0069,79,1
blue,78.76,0.993333333,0.0033,149,1
red,55.18,0.9875,0.0073,79,2
blue,55.84,0.993333333,0.0095,149,2
green,55.53,0.95,0.0042,19,2
red,58.33,0.9875,0.0148,79,1
blue,59.03,0.993333333,0.0056,149,1
red,63.68,0.9875,0.0065,79,3
green,64.07,0.95,0.0118,19,3
red,75.5,0.9875,0.0044,79,2
green,75.98,0.95,0.0105,19,2
red,61.92,0.9875,0.0107,79,1
blue,62.66,0.993333333,0.009,149,1
green,62.31,0.95,0.0027,19,1
red,71.27,0.9875,0.0119,79,1
blue,72.12,0.993333333,0.0028,149,1
red,78.02,0.9875,0.0061,79,3
blue,78.95,0.993333333,0.0093,149,3
green,78.5,0.95,0.0123,19,3
red,79.87,0.9875,0.0119,79,1
blue,80.83,0.993333333,0.0085,149,1
green,80.37,0.95,0.0032,19,1
red,70.08,0.9875,0.0128,79,1
blue,70.92,0.993333333,0.0037,149,1
blue,71.97,0.993333333,0.0089,149,3
green,71.57,0.95,0.0121,19,3
red,71.42,0.9875,0.004,79,2
blue,72.27,0.993333333,0.0122,149,2
green,71.86,0.95,0.0095,19,2
blue,70.44,0.993333333,0.0091,149,1
red,68.07,0.9875,0.0123,79,1
blue,68.89,0.993333333,0.0033,149,1
green,68.5,0.95,0.0073,19,1
red,76.85,0.9875,0.0063,79,3
blue,77.77,0.993333333,0.0092,149,3
green,77.33,0.95,0.0123,19,3
red,70.42,0.9875,0.0035,79,2
red,78.18,0.9875,0.0117,79,1
blue,79.11,0.993333333,0.0084,149,1
green,78.66,0.95,0.003,19,1
red,69.07,0.9875,0.0125,79,1
green,69.5,0.95,0.0079,19,1
red,73.98,0.9875,0.0063,79,3
blue,74.86,0.993333333,0.0093,149,3
green,74.44,0.95,0.0124,19,3
red,71.35,0.9875,0.004,79,2
blue,72.2,0.993333333,0.0122,149,2
blue,74.97,0.993333333,0.0085,149,1
blue,69.8,0.993333333,0.0029,149,1
green,69.4,0.95,0.0077,19,1
red,77.02,0.9875,0.0064,79,3
green,77.51,0.95,0.0126,19,3
red,69.74,0.9875,0.0039,79,2
blue,70.57,0.993333333,0.012,149,2
green,70.17,0.95,0.0093,19,2
red,77.08,0.9875,0.0119,79,1
blue,78,0.993333333,0.0085,149,1
green,77.56,0.95,0.0032,19,1
blue,69.78,0.993333333,0.0034,149,1
green,69.39,0.95,0.0079,19,1
red,73.42,0.9875,0.0067,79,3
blue,74.29,0.993333333,0.0094,149,3
green,73.88,0.95,0.0127,19,3
red,73.94,0.9875,0.0037,79,2
blue,74.83,0.993333333,0.0129,149,2
red,60.27,0.9875,0.0102,79,1
green,60.65,0.95,0.0028,19,1
green,77.5,0.95,0.007,19,1
red,69.16,0.9875,0.0069,79,3
blue,69.98,0.993333333,0.0079,149,3
green,69.59,0.95,0.0117,19,3
red,74.69,0.9875,0.0032,79,2
blue,75.58,0.993333333,0.0122,149,2
red,63.22,0.9875,0.0106,79,1
blue,63.98,0.993333333,0.0089,149,1
green,63.62,0.95,0.0026,19,1
red,72.78,0.9875,0.0124,79,1
blue,73.65,0.993333333,0.0035,149,1
green,73.23,0.95,0.007,19,1
red,74.01,0.9875,0.0063,79,3
blue,74.89,0.993333333,0.0088,149,3
green,74.47,0.95,0.012,19,3
red,70.73,0.9875,0.0035,79,2
green,71.17,0.95,0.0096,19,2
blue,74.15,0.993333333,0.0087,149,1
green,73.73,0.95,0.0031,19,1
red,72.16,0.9875,0.0132,79,1
blue,73.02,0.993333333,0.0041,149,1
green,72.61,0.95,0.0078,19,1
green,69.2,0.95,0.0119,19,3
red,75.47,0.9875,0.0039,79,2
green,75.94,0.95,0.0103,19,2
red,64.08,0.9875,0.0108,79,1
green,64.48,0.95,0.0027,19,1
red,73.29,0.9875,0.0124,79,1
green,73.74,0.95,0.0072,19,1
blue,74.76,0.993333333,0.009,149,3
blue,70.22,0.993333333,0.0122,149,2
green,69.82,0.95,0.0102,19,2
blue,72.29,0.993333333,0.009,149,1
green,71.89,0.95,0.003,19,1
blue,72.68,0.993333333,0.0039,149,1
red,73.13,0.9875,0.0068,79,3
green,73.59,0.95,0.0122,19,3
blue,72.43,0.993333333,0.0121,149,2
red,69.47,0.9875,0.0111,79,1
blue,70.3,0.993333333,0.0086,149,1
green,69.91,0.95,0.0026,19,1
red,73.64,0.9875,0.0129,79,1
blue,74.52,0.993333333,0.0038,149,1
green,74.1,0.95,0.0076,19,1
red,70.66,0.9875,0.0068,79,3
blue,71.5,0.993333333,0.0086,149,3
green,71.1,0.95,0.0122,19,3
red,71.62,0.9875,0.0036,79,2
green,72.07,0.95,0.0102,19,2
red,68.2,0.9875,0.011,79,1
blue,69.01,0.993333333,0.0088,149,1
green,68.62,0.95,0.0027,19,1
red,71.3,0.9875,0.0122,79,1
blue,72.15,0.993333333,0.0031,149,1
red,76.32,0.9875,0.0064,79,3
blue,77.24,0.993333333,0.0091,149,3
red,74.64,0.9875,0.0035,79,2
blue,75.53,0.993333333,0.0122,149,2
green,75.11,0.95,0.0101,19,2
green,70.95,0.95,0.0076,19,1
red,74.08,0.9875,0.0063,79,3
red,72.83,0.9875,0.0038,79,2
blue,73.7,0.993333333,0.0121,149,2
green,73.28,0.95,0.0096,19,2
red,74.56,0.9875,0.0114,79,1
blue,75.45,0.993333333,0.0084,149,1
green,75.02,0.95,0.0028,19,1
red,68.48,0.9875,0.012,79,1
blue,69.3,0.993333333,0.0028,149,1
green,68.91,0.95,0.0077,19,1
blue,80.57,0.993333333,0.0095,149,3
green,80.12,0.95,0.0126,19,3
blue,66.86,0.993333333,0.0117,149,2
green,66.48,0.95,0.0089,19,2
red,81.24,0.9875,0.0125,79,1
blue,82.21,0.993333333,0.0092,149,1
red,66.6,0.9875,0.0128,79,1
blue,67.39,0.993333333,0.0038,149,1
green,67.01,0.95,0.0075,19,1
blue,74.25,0.993333333,0.009,149,3
red,69.58,0.9875,0.0033,79,2
red,73.24,0.9875,0.0115,79,1
red,64.8,0.9875,0.0018,79,2
blue,65.57,0.993333333,0.0085,149,2
green,65.2,0.95,0.008,19,2
green,54.2,0.95,0.0961,19,3
green,81.29,0.95,0.0754,19,3
green,67.64,0.95,0.0925,19,3
green,54.66,0.9,0.1671,18,3
green,55.26,0.9,0.0751,18,3
green,58.83,0.9,0.1111,18,3
green,54.68,0.9,0.0508,18,3
green,58.88,0.9,0.1391,18,3
green,54.37,0.85,0.0914,17,3
green,59.3,0.8,0.192,16,3
green,55.31,0.8,0.1257,16,3
green,54.33,0.8,0.0575,16,3
green,53.09,0.8,0.1369,16,3
green,60.42,0.8,0.045,16,3
green,77.35,0.8,0.006,16,3
green,54.01,0.8,0.0366,16,3
green,55.94,0.8,0.0199,16,3
green,53.19,0.8,0.0245,16,3
green,53.29,0.8,0.0599,16,3
green,54.58,0.8,0.0656,16,3
green,55.19,0.8,0.0689,16,3
green,53.43,0.8,0.0275,16,3
green,58.94,0.8,0.0833,16,3
green,52.61,0.8,0.0438,16,3
green,52.41,0.8,0.069,16,3
green,54.78,0.8,0.0383,16,3
green,52.2,0.8,0.1091,16,3
green,51.68,0.8,0.1245,16,3
green,53.97,0.8,0.0585,16,3
green,65.73,0.8,0.1204,16,3
green,51.91,0.8,0.1455,16,3
green,59.55,0.8,0.0129,16,3
green,33.78,0.95,0.0039,19,3
green,22.53,0.95,0.0486,19,3
green,22.52,0.95,0.0417,19,3
green,22.99,0.95,0.0154,19,3
green,33.57,0.95,0.0069,19,3
green,29.57,0.95,0.0077,19,3
green,24.97,0.95,0.0067,19,3
green,31.35,0.95,0.0081,19,3
green,23.57,0.95,0.0062,19,3
green,33.53,0.95,0.0085,19,3
green,23.16,0.95,0.0048,19,3
green,22.69,0.95,0.006,19,3
green,32.67,0.95,0.0085,19,3
green,23.75,0.95,0.0064,19,3
green,30.11,0.95,0.0081,19,3
green,25.81,0.95,0.007,19,3
green,28.59,0.95,0.0078,19,3
green,27.17,0.95,0.0075,19,3
green,25.74,0.95,0.0072,19,3
green,30.09,0.95,0.0082,19,3
green,25.41,0.95,0.0075,19,3
green,31.51,0.95,0.0057,19,3
green,33.77,0.95,0.0093,19,3
green,32.71,0.95,0.0087,19,3
green,23.27,0.95,0.0064,19,3
green,30.51,0.95,0.0082,19,3
green,25.21,0.95,0.0071,19,3
green,27.49,0.95,0.0076,19,3
green,28.48,0.95,0.0078,19,3
green,25.65,0.95,0.0071,19,3
green,29.42,0.95,0.0079,19,3
green,24.81,0.95,0.0067,19,3
green,30.38,0.95,0.008,19,3
green,24.13,0.95,0.0065,19,3
green,30.8,0.95,0.008,19,3
green,24.39,0.95,0.0065,19,3
green,31.24,0.95,0.0081,19,3
green,24.15,0.95,0.0064,19,3
green,31.32,0.95,0.0082,19,3
green,24.6,0.95,0.0065,19,3
green,29.94,0.95,0.0079,19,3
green,25.79,0.95,0.007,19,3
green,28.28,0.95,0.0077,19,3
green,28.32,0.95,0.0076,19,3
green,25.94,0.95,0.007,19,3
green,29.48,0.95,0.0078,19,3
green,24.56,0.95,0.0066,19,3
green,32.35,0.95,0.0084,19,3
green,23.4,0.95,0.0062,19,3
green,33.1,0.95,0.0086,19,3
green,31.82,0.95,0.0083,19,3
green,23.91,0.95,0.0064,19,3
green,30.28,0.95,0.0082,19,3
green,25.87,0.95,0.0071,19,3
green,27.31,0.95,0.0076,19,3
green,28.01,0.95,0.0077,19,3
green,25.75,0.95,0.0071,19,3
green,30.45,0.95,0.0081,19,3
green,23.66,0.95,0.0064,19,3
green,33.27,0.95,0.0086,19,3
green,22.87,0.95,0.0061,19,3
green,32.33,0.95,0.0084,19,3
green,24.35,0.95,0.0065,19,3
green,30.91,0.95,0.0081,19,3
green,24.22,0.95,0.0064,19,3
green,30.79,0.95,0.0081,19,3
green,24.67,0.95,0.0067,19,3
green,29.81,0.95,0.0081,19,3
green,26.42,0.95,0.0072,19,3
green,26.82,0.95,0.0074,19,3
green,29.51,0.95,0.008,19,3
green,24.27,0.95,0.0068,19,3
green,32.04,0.95,0.0085,19,3
green,23.33,0.95,0.0063,19,3
green,33,0.95,0.0086,19,3
green,24.78,0.95,0.0066,19,3
green,29.58,0.95,0.0079,19,3
green,25.66,0.95,0.0069,19,3
green,28.44,0.95,0.0077,19,3
green,27.78,0.95,0.0075,19,3
green,31.41,0.95,0.0083,19,3
green,23.48,0.95,0.0063,19,3
green,32.29,0.95,0.0085,19,3
green,23.23,0.95,0.0062,19,3
green,31.52,0.95,0.0084,19,3
green,25.19,0.95,0.0069,19,3
green,28.21,0.95,0.0078,19,3
green,27.95,0.95,0.0077,19,3
green,25.96,0.95,0.0074,19,3
green,32.19,0.95,0.0089,19,3
green,33.11,0.95,0.0089,19,3
green,31.48,0.95,0.0084,19,3
green,24.42,0.95,0.0067,19,3
green,29.12,0.95,0.008,19,3
green,25.68,0.95,0.0072,19,3
green,27.33,0.95,0.0077,19,3
green,29.63,0.95,0.0081,19,3
green,23.98,0.95,0.0066,19,3
green,32.58,0.95,0.0085,19,3
green,33.08,0.95,0.0086,19,3
green,23.96,0.95,0.0064,19,3
green,30.5,0.95,0.0082,19,3
green,32.13,0.95,0.0037,19,3
green,28.63,0.95,0.0034,19,3
green,25.91,0.95,0.0033,19,3
green,23.67,0.95,0.0029,19,3
green,23.07,0.95,0.0028,19,3
green,25.63,0.95,0.0032,19,3
green,27.11,0.95,0.0033,19,3
green,26.96,0.95,0.0031,19,3
green,25.82,0.95,0.003,19,3
green,31.98,0.95,0.0038,19,3
green,29.38,0.95,0.0034,19,3
green,33.36,0.95,0.0082,19,3
green,23.1,0.95,0.0058,19,3
green,23.13,0.95,0.006,19,3
green,32.23,0.95,0.0083,19,3
green,24.18,0.95,0.0064,19,3
green,30.15,0.95,0.008,19,3
green,26.3,0.95,0.007,19,3
green,27.55,0.95,0.0075,19,3
green,28.96,0.95,0.0077,19,3
green,25.14,0.95,0.0068,19,3
green,31.28,0.95,0.0081,19,3
green,24.33,0.95,0.0064,19,3
green,31.07,0.95,0.0079,19,3
green,24.31,0.95,0.0063,19,3
green,31.95,0.95,0.0081,19,3
green,23.85,0.95,0.0062,19,3
green,31.94,0.95,0.0082,19,3
green,31.04,0.95,0.0081,19,3
green,24.93,0.95,0.0067,19,3
green,28.81,0.95,0.0078,19,3
green,28.43,0.95,0.0077,19,3
green,24.75,0.95,0.0068,19,3
green,22.63,0.95,0.0062,19,3
green,33.73,0.95,0.009,19,3
green,22.83,0.95,0.0063,19,3
green,31.03,0.95,0.0084,19,3
green,25.32,0.95,0.007,19,3
green,27.74,0.95,0.0077,19,3
green,27.76,0.95,0.0076,19,3
green,26.01,0.95,0.0071,19,3
green,28.47,0.95,0.0076,19,3
green,25.36,0.95,0.0069,19,3
green,29.73,0.95,0.0079,19,3
green,24.58,0.95,0.0066,19,3
green,29.4,0.95,0.0078,19,3
green,29.6,0.95,0.0078,19,3
green,25.47,0.95,0.0068,19,3
green,28.89,0.95,0.0078,19,3
green,27.19,0.95,0.0073,19,3
green,28.07,0.95,0.0075,19,3
green,26.5,0.95,0.0071,19,3
green,26.06,0.95,0.0069,19,3
green,27.81,0.95,0.0074,19,3
green,27.34,0.95,0.0044,19,3
green,22.96,0.95,0.0084,19,3
green,26.27,0.95,0.0095,19,3
green,22.74,0.95,0.0082,19,3
green,26.07,0.95,0.0094,19,3
green,23.24,0.95,0.0085,19,3
green,24.98,0.95,0.0091,19,3
green,26.31,0.95,0.0095,19,3
green,26.63,0.95,0.0096,19,3
green,22.73,0.95,0.0083,19,3
green,25.03,0.95,0.009,19,3
green,24.86,0.95,0.0089,19,3
green,23.42,0.95,0.0083,19,3
green,27.66,0.95,0.0096,19,3
green,27.42,0.95,0.0094,19,3
green,23.63,0.95,0.0082,19,3
green,24.92,0.95,0.0086,19,3
green,27.2,0.95,0.0092,19,3
green,22.66,0.95,0.0074,19,3
green,22.55,0.95,0.0074,19,3
green,26.47,0.95,0.0083,19,3
green,27.97,0.95,0.0087,19,3
green,23.2,0.95,0.0072,19,3
green,31.13,0.95,0.0093,19,3
green,29.86,0.95,0.0088,19,3
green,24.04,0.95,0.0072,19,3
green,27.04,0.95,0.0082,19,3
green,27.38,0.95,0.0081,19,3
green,29,0.95,0.0084,19,3
green,24.29,0.95,0.0071,19,3
green,28.73,0.95,0.0083,19,3
green,24.53,0.95,0.0072,19,3
green,28.76,0.95,0.0084,19,3
green,25.18,0.95,0.0074,19,3
green,26.72,0.95,0.0079,19,3
green,24.03,0.95,0.0063,19,3
green,30.96,0.95,0.008,19,3
green,25.31,0.95,0.0067,19,3
green,27.84,0.95,0.0076,19,3
green,25.16,0.95,0.007,19,3
green,30.69,0.95,0.0082,19,3
green,23.72,0.95,0.0064,19,3
green,32.93,0.95,0.0086,19,3
green,33.47,0.95,0.0087,19,3
green,23.17,0.95,0.0062,19,3
green,31.62,0.95,0.0084,19,3
green,24.51,0.95,0.0067,19,3
green,29.52,0.95,0.0081,19,3
green,26.48,0.95,0.0073,19,3
green,30.12,0.95,0.0083,19,3
green,23.47,0.95,0.0063,19,3
green,33.48,0.95,0.0087,19,3
green,33.7,0.95,0.009,19,3
green,23.97,0.95,0.0069,19,3
green,28.15,0.95,0.0079,19,3
green,28.86,0.95,0.0079,19,3
green,24.48,0.95,0.0068,19,3
green,31.05,0.95,0.0084,19,3
green,33.72,0.95,0.009,19,3
green,32.81,0.95,0.0087,19,3
green,26.64,0.95,0.0076,19,3
green,30.6,0.95,0.0084,19,3
green,23.28,0.95,0.0065,19,3
green,33.29,0.95,0.0089,19,3
green,23.46,0.95,0.0064,19,3
green,28.12,0.95,0.0079,19,3
green,27.4,0.95,0.0077,19,3
green,25.45,0.95,0.0072,19,3
green,30.87,0.95,0.0084,19,3
green,23.73,0.95,0.0065,19,3
green,32.68,0.95,0.0086,19,3
green,22.85,0.95,0.0061,19,3
green,32.82,0.95,0.0086,19,3
green,22.98,0.95,0.0062,19,3
green,32.8,0.95,0.0088,19,3
green,24.34,0.95,0.0069,19,3
green,28.87,0.95,0.0081,19,3
green,25.17,0.95,0.0071,19,3
green,33.52,0.95,0.0089,19,3
green,33.65,0.95,0.0087,19,3
green,30.92,0.95,0.0081,19,3
green,24.79,0.95,0.0067,19,3
green,30.08,0.95,0.0081,19,3
green,26.1,0.95,0.0071,19,3
green,27.3,0.95,0.0075,19,3
green,29.39,0.95,0.0079,19,3
green,24.05,0.95,0.0066,19,3
green,32.88,0.95,0.0086,19,3
green,22.57,0.95,0.006,19,3
green,33.55,0.95,0.0087,19,3
green,23.05,0.95,0.0062,19,3
green,31.46,0.95,0.0084,19,3
green,28.45,0.95,0.0078,19,3
green,28.02,0.95,0.0077,19,3
green,23.11,0.95,0.0025,19,3
green,27.65,0.95,0.0104,19,3
green,33.06,0.95,0.0087,19,3
green,29.79,0.95,0.0082,19,3
green,26.17,0.95,0.0073,19,3
green,26.55,0.95,0.0075,19,3
green,23.3,0.95,0.0065,19,3
green,33.5,0.95,0.0091,19,3
green,22.6,0.95,0.0062,19,3
green,31.14,0.95,0.0082,19,3
green,25.15,0.95,0.0068,19,3
green,28.22,0.95,0.0076,19,3
green,28.4,0.95,0.0075,19,3
green,30.39,0.95,0.0079,19,3
green,24.68,0.95,0.0065,19,3
green,32.25,0.95,0.0083,19,3
green,23.58,0.95,0.0061,19,3
green,32.54,0.95,0.0083,19,3
green,32.05,0.95,0.0082,19,3
green,25.08,0.95,0.0065,19,3
green,29.37,0.95,0.0077,19,3
green,28.09,0.95,0.0073,19,3
green,33.28,0.95,0.0086,19,3
green,22.72,0.95,0.006,19,3
green,33.61,0.95,0.0087,19,3
green,23.15,0.95,0.0062,19,3
green,31.22,0.95,0.0083,19,3
green,23.18,0.9,0.3724,18,3
green,24.65,0.9,0.2084,18,3
green,33.67,0.9,0.0134,18,3
blue,57.36,0.993333333,0.4981,149,1
blue,86.03,0.993333333,0.0735,149,1
blue,65.71,0.993333333,0.6875,149,1
red,22.08,0.975,0.2676,78,2
red,23.36,0.975,0.2811,78,2
red,33.13,0.975,0.2734,78,2
red,24.08,0.975,0.2794,78,2
red,24.8,0.975,0.2067,78,2
red,22.34,0.975,0.2648,78,2
red,24.14,0.975,0.263,78,2
green,17.68,0.9,0.2289,18,2
blue,26.24,0.986666667,0.0027,148,1
blue,34.29,0.986666667,0.011,148,1
blue,22.86,0.986666667,0.0151,148,1
blue,59.44,0.98,0.0075,147,1
red,60.4,0.95,0.0075,76,3
red,43.93,0.95,0.0083,76,3
blue,43.23,0.98,0.0152,147,3
red,40.27,0.95,0.0202,76,3
blue,39.63,0.98,0.0249,147,3
green,42.05,0.85,0.0055,17,1
red,44.39,0.95,0.1764,76,1
blue,43.69,0.98,0.1676,147,1
green,30.9,0.85,0.012,17,1
green,28.03,0.85,0.0185,17,1
red,55.27,0.95,0.1255,76,1
blue,54.39,0.98,0.1168,147,1
green,38.47,0.85,0.0478,17,1
red,55.93,0.95,0.1392,76,1
blue,55.04,0.98,0.1309,147,1
green,38.93,0.85,0.0518,17,1
red,46.6,0.95,0.1238,76,3
blue,45.85,0.98,0.1155,147,3
green,32.44,0.85,0.0622,17,3
red,44.87,0.95,0.1271,76,1
blue,44.15,0.98,0.1185,147,1
green,31.23,0.85,0.0513,17,1
red,53.05,0.95,0.1221,76,3
blue,52.21,0.98,0.1133,147,3
green,36.93,0.85,0.0524,17,3
red,49.22,0.95,0.1331,76,1
blue,48.44,0.98,0.1245,147,1
green,34.26,0.85,0.0574,17,1
red,57.1,0.95,0.1379,76,3
blue,56.19,0.98,0.1295,147,3
green,39.75,0.85,0.0685,17,3
red,42.97,0.95,0.1228,76,1
blue,42.29,0.98,0.114,147,1
green,29.91,0.85,0.0509,17,1
red,59.93,0.95,0.1193,76,3
green,41.72,0.85,0.0563,17,3
red,48.85,0.95,0.1238,76,1
blue,48.07,0.98,0.115,147,1
green,34,0.85,0.049,17,1
red,49.04,0.95,0.1201,76,3
blue,48.26,0.98,0.1113,147,3
green,34.14,0.85,0.0527,17,3
red,47.21,0.95,0.1241,76,1
blue,46.46,0.98,0.1153,147,1
green,32.87,0.85,0.051,17,1
red,52.37,0.95,0.1268,76,1
blue,51.53,0.98,0.1181,147,1
green,36.45,0.85,0.0523,17,1
red,48.16,0.95,0.1292,76,1
blue,47.39,0.98,0.1205,147,1
red,44.53,0.95,0.1241,76,1
blue,43.82,0.98,0.1153,147,1
green,31,0.85,0.0506,17,1
red,42.4,0.95,0.1214,76,3
blue,53.79,0.98,0.1142,147,1
green,38.05,0.85,0.0507,17,1
red,57.39,0.95,0.1248,76,3
blue,56.48,0.98,0.1162,147,3
green,39.95,0.85,0.0522,17,3
green,41.28,0.85,0.0529,17,1
red,52.03,0.95,0.1265,76,3
blue,51.2,0.98,0.118,147,3
green,36.22,0.85,0.0559,17,3
red,42.96,0.95,0.1228,76,3
blue,42.27,0.98,0.1142,147,3
green,29.9,0.85,0.0527,17,3
red,43.17,0.95,0.1207,76,3
blue,42.48,0.98,0.1119,147,3
green,30.05,0.85,0.0517,17,3
red,49.34,0.95,0.1221,76,3
blue,48.55,0.98,0.1133,147,3
green,34.35,0.85,0.0519,17,3
red,50.83,0.95,0.1252,76,1
blue,50.02,0.98,0.1165,147,1
green,35.38,0.85,0.0523,17,1
red,44.58,0.95,0.1324,76,1
blue,43.87,0.98,0.1237,147,1
red,46.7,0.95,0.1297,76,1
blue,45.96,0.98,0.1209,147,1
green,32.51,0.85,0.0492,17,1
red,52.52,0.95,0.1212,76,3
green,36.56,0.85,0.0527,17,3
red,44.14,0.95,0.1213,76,3
blue,43.43,0.98,0.1125,147,3
green,30.72,0.85,0.0512,17,3
red,54.98,0.95,0.1227,76,3
blue,54.1,0.98,0.114,147,3
green,38.27,0.85,0.0514,17,3
red,56.77,0.95,0.1253,76,3
blue,55.87,0.98,0.1167,147,3
green,39.52,0.85,0.0526,17,3
red,40.36,0.95,0.122,76,1
blue,39.72,0.98,0.1132,147,1
red,50.88,0.95,0.1233,76,3
blue,50.07,0.98,0.1145,147,3
green,35.42,0.85,0.0525,17,3
red,55.45,0.95,0.1258,76,3
blue,54.56,0.98,0.1173,147,3
green,38.6,0.85,0.0664,17,3
red,40.3,0.95,0.1272,76,1
blue,39.65,0.98,0.1184,147,1
green,28.05,0.85,0.049,17,1
green,35.26,0.8,0.0005,16,2
red,102.97,0.9875,0.0069,79,1
red,68.64,0.9875,0.0264,79,1
red,95.39,0.9875,0.0118,79,1
red,89.68,0.9875,0.008,79,1
red,79.9,0.9875,0.0071,79,1
red,82.99,0.9875,0.0074,79,1
red,87.8,0.9875,0.0077,79,1
red,75.3,0.9875,0.0067,79,1
red,96.83,0.9875,0.0083,79,1
red,72.3,0.9875,0.0063,79,1
red,97.93,0.9875,0.0083,79,1
red,71.51,0.9875,0.0062,79,1
red,98.03,0.9875,0.0084,79,1
red,90.27,0.9875,0.0079,79,1
red,78.99,0.9875,0.007,79,1
red,84.31,0.9875,0.0075,79,1
red,90.35,0.9875,0.0078,79,1
red,74.85,0.9875,0.0066,79,1
red,95.51,0.9875,0.0082,79,1
red,78.71,0.9875,0.0092,79,1
red,97.53,0.9875,0.0088,79,1
red,69.31,0.9875,0.0064,79,1
red,96.31,0.9875,0.0087,79,1
red,91.05,0.9875,0.0084,79,1
red,84.52,0.9875,0.008,79,1
red,84.22,0.9875,0.0079,79,1
red,75.27,0.9875,0.0071,79,1
red,90.22,0.9875,0.0083,79,1
red,71.07,0.9875,0.0066,79,1
red,96.94,0.9875,0.0087,79,1
red,68.76,0.9875,0.0063,79,1
red,81.68,0.9875,0.0072,79,1
red,81.1,0.9875,0.0072,79,1
red,89.79,0.9875,0.008,79,1
red,95.77,0.9875,0.0082,79,1
red,71.55,0.9875,0.0062,79,1
red,102.33,0.9875,0.0086,79,1
red,68.68,0.9875,0.0059,79,1
red,102.42,0.9875,0.0087,79,1
red,72.28,0.9875,0.0064,79,1
red,93.42,0.9875,0.0082,79,1
red,78.34,0.9875,0.007,79,1
red,85.17,0.9875,0.0076,79,1
red,85.83,0.9875,0.0075,79,1
red,87.5,0.9875,0.0075,79,1
red,92.68,0.9875,0.0079,79,1
red,94.19,0.9875,0.008,79,1
red,96.88,0.9875,0.0083,79,1
red,91,0.9875,0.008,79,1
red,81.9,0.9875,0.0073,79,1
red,92.4,0.9875,0.008,79,1
red,97.6,0.9875,0.0083,79,1
red,71.88,0.9875,0.0062,79,1
red,98.6,0.9875,0.0084,79,1
red,93.58,0.9875,0.0081,79,1
red,75.9,0.9875,0.0067,79,1
red,86.99,0.9875,0.0078,79,1
red,91.04,0.9875,0.0081,79,1
red,72.94,0.9875,0.0066,79,1
red,98.35,0.9875,0.0086,79,1
red,70.6,0.9875,0.0062,79,1
red,101.71,0.9875,0.0087,79,1
red,76.45,0.9875,0.0067,79,1
red,89.75,0.9875,0.0079,79,1
red,80.43,0.9875,0.0071,79,1
red,88.38,0.9875,0.0078,79,1
red,94.63,0.9875,0.0082,79,1
red,73.31,0.9875,0.0064,79,1
red,96.29,0.9875,0.0083,79,1
red,73.68,0.9875,0.0064,79,1
red,92.88,0.9875,0.0081,79,1
red,87.54,0.9875,0.0077,79,1
red,80.74,0.9875,0.0071,79,1
red,71.01,0.9875,0.0173,79,1
red,81.72,0.9875,0.0279,79,1
red,69.86,0.9875,0.0511,79,1
red,86.62,0.9875,0.0506,79,1
red,96.03,0.9875,0.0541,79,1
red,71.61,0.9875,0.0287,79,1
red,78.57,0.9875,0.0026,79,1
red,95.18,0.9875,0.0137,79,1
red,88.69,0.9875,0.0083,79,1
red,78.86,0.9875,0.0093,79,1
red,76.18,0.9875,0.0169,79,1
red,88.45,0.9875,0.0062,79,1
red,95.57,0.9875,0.0079,79,1
red,73.47,0.9875,0.0062,79,1
red,100.31,0.9875,0.0081,79,1
red,102.02,0.9875,0.0082,79,1
red,70.88,0.9875,0.0058,79,1
red,101.36,0.9875,0.0082,79,1
red,73.67,0.9875,0.0061,79,1
red,98.76,0.9875,0.0081,79,1
red,94.65,0.9875,0.008,79,1
red,85.86,0.9875,0.0073,79,1
red,82.45,0.9875,0.007,79,1
red,84.38,0.9875,0.0072,79,1
red,90.19,0.9875,0.0076,79,1
red,78.44,0.9875,0.0067,79,1
red,99.02,0.9875,0.0082,79,1
red,72.05,0.9875,0.0061,79,1
red,101.8,0.9875,0.0083,79,1
red,71.13,0.9875,0.0059,79,1
red,95.74,0.9875,0.0083,79,1
red,79.74,0.9875,0.0071,79,1
red,84.15,0.9875,0.0075,79,1
red,89.55,0.9875,0.0077,79,1
red,93.87,0.9875,0.008,79,1
red,72.99,0.9875,0.0064,79,1
red,100.15,0.9875,0.0084,79,1
red,99.89,0.9875,0.0084,79,1
red,96.92,0.9875,0.0084,79,1
red,75.35,0.9875,0.0067,79,1
red,91.33,0.9875,0.0082,79,1
red,79.65,0.9875,0.0074,79,1
red,82.92,0.9875,0.0077,79,1
red,87.41,0.9875,0.0079,79,1
red,94.89,0.9875,0.0084,79,1
red,96.98,0.9875,0.0084,79,1
red,94.06,0.9875,0.0083,79,1
red,86.42,0.9875,0.0078,79,1
red,75.44,0.9875,0.0067,79,1
red,96.81,0.9875,0.0085,79,1
red,70.02,0.9875,0.0062,79,1
red,102.8,0.9875,0.0087,79,1
red,101.89,0.9875,0.0087,79,1
red,71.68,0.9875,0.0064,79,1
red,91.87,0.9875,0.0082,79,1
red,82.57,0.9875,0.0074,79,1
red,88.59,0.9875,0.0077,79,1
red,76.26,0.9875,0.0067,79,1
red,91.73,0.9875,0.0078,79,1
red,75.36,0.9875,0.0065,79,1
red,95.3,0.9875,0.008,79,1
red,98.15,0.9875,0.0082,79,1
red,72.33,0.9875,0.0062,79,1
red,100.68,0.9875,0.0085,79,1
red,88.47,0.9875,0.0079,79,1
red,82.8,0.9875,0.0074,79,1
red,79.66,0.9875,0.0072,79,1
red,88.05,0.9875,0.0077,79,1
red,94.54,0.9875,0.0081,79,1
red,71.91,0.9875,0.0063,79,1
red,99.1,0.9875,0.0084,79,1
red,96.48,0.9875,0.0082,79,1
red,74.81,0.9875,0.0066,79,1
red,90.41,0.9875,0.0079,79,1
red,79.38,0.9875,0.0071,79,1
red,83.45,0.9875,0.0076,79,1
red,86.54,0.9875,0.0078,79,1
red,102.04,0.9875,0.0052,79,1
green,38.94,0.95,0.0066,19,2
green,52.39,0.95,0.6809,19,2
green,64.47,0.95,0.697,19,2
red,27.68,0.975,0.3743,78,2
red,27.41,0.975,0.3661,78,2
blue,45.76,0.993333333,0.0038,149,2
blue,61.78,0.993333333,0.0132,149,2
blue,41.19,0.993333333,0.0279,149,2
blue,61.38,0.993333333,0.0113,149,2
blue,51.36,0.993333333,0.0085,149,2
blue,50,0.993333333,0.0082,149,2
blue,45.9,0.993333333,0.0075,149,2
blue,53.3,0.993333333,0.0085,149,2
blue,44.05,0.993333333,0.0071,149,2
blue,55.36,0.993333333,0.0088,149,2
blue,53.71,0.993333333,0.0086,149,2
blue,47.93,0.993333333,0.0078,149,2
blue,47.36,0.993333333,0.0077,149,2
blue,51.58,0.993333333,0.0083,149,2
blue,43.83,0.993333333,0.0071,149,2
blue,54.44,0.993333333,0.0086,149,2
blue,43.59,0.993333333,0.007,149,2
blue,53.12,0.993333333,0.0085,149,2
blue,46.14,0.993333333,0.0075,149,2
blue,48.84,0.993333333,0.008,149,2
blue,50.04,0.993333333,0.0081,149,2
blue,44.18,0.993333333,0.0072,149,2
blue,55.03,0.993333333,0.0087,149,2
blue,42.52,0.993333333,0.0068,149,2
blue,44.2,0.993333333,0.0072,149,2
blue,50.26,0.993333333,0.0082,149,2
blue,46.57,0.993333333,0.0076,149,2
blue,47.17,0.993333333,0.0078,149,2
blue,52.13,0.993333333,0.0085,149,2
blue,42.22,0.993333333,0.0068,149,2
blue,41.41,0.993333333,0.0065,149,2
blue,57.18,0.993333333,0.009,149,2
blue,42.62,0.993333333,0.0069,149,2
blue,51.41,0.993333333,0.0081,149,2
blue,49.56,0.993333333,0.0078,149,2
blue,45.72,0.993333333,0.0073,149,2
blue,53.32,0.993333333,0.0083,149,2
blue,43.4,0.993333333,0.0068,149,2
blue,59.2,0.993333333,0.0089,149,2
blue,43.85,0.993333333,0.0068,149,2
blue,53.18,0.993333333,0.0082,149,2
blue,46.24,0.993333333,0.0072,149,2
blue,49.38,0.993333333,0.0077,149,2
blue,49.99,0.993333333,0.0077,149,2
blue,45.98,0.993333333,0.0072,149,2
blue,53.59,0.993333333,0.0082,149,2
blue,43.78,0.993333333,0.0067,149,2
blue,42.59,0.993333333,0.0065,149,2
blue,45.75,0.993333333,0.0071,149,2
blue,50.54,0.993333333,0.008,149,2
blue,42.57,0.993333333,0.0067,149,2
blue,57.17,0.993333333,0.0086,149,2
blue,41.62,0.993333333,0.0064,149,2
blue,47.06,0.993333333,0.0136,149,2
blue,61.5,0.993333333,0.0078,149,2
blue,47.77,0.993333333,0.0069,149,2
blue,50.22,0.993333333,0.0073,149,2
blue,54.02,0.993333333,0.0078,149,2
blue,45.89,0.993333333,0.0067,149,2
blue,56.79,0.993333333,0.0081,149,2
blue,43.72,0.993333333,0.0063,149,2
blue,61.23,0.993333333,0.0086,149,2
blue,42.13,0.993333333,0.006,149,2
blue,60.3,0.993333333,0.0085,149,2
blue,42.69,0.993333333,0.0062,149,2
blue,56.9,0.993333333,0.0082,149,2
blue,46.44,0.993333333,0.0069,149,2
blue,50.73,0.993333333,0.0076,149,2
blue,51.02,0.993333333,0.0075,149,2
blue,46.29,0.993333333,0.0069,149,2
blue,55.77,0.993333333,0.008,149,2
blue,43.89,0.993333333,0.0064,149,2
blue,58.25,0.993333333,0.0082,149,2
blue,42.92,0.993333333,0.0062,149,2
blue,42.9,0.993333333,0.0061,149,2
blue,58.59,0.993333333,0.0083,149,2
blue,43.96,0.993333333,0.0064,149,2
blue,54.6,0.993333333,0.0079,149,2
blue,45.91,0.993333333,0.0067,149,2
blue,52.87,0.993333333,0.0077,149,2
blue,50.39,0.993333333,0.0073,149,2
blue,49.09,0.993333333,0.0073,149,2
blue,45.16,0.993333333,0.0065,149,2
blue,55.73,0.993333333,0.0079,149,2
blue,45.04,0.993333333,0.0065,149,2
blue,44.92,0.993333333,0.0064,149,2
blue,42.61,0.993333333,0.0061,149,2
blue,59.46,0.993333333,0.0085,149,2
blue,42.93,0.993333333,0.0063,149,2
blue,56.99,0.993333333,0.0083,149,2
blue,45.23,0.993333333,0.0068,149,2
blue,51.5,0.993333333,0.0079,149,2
blue,50.25,0.993333333,0.0077,149,2
blue,46.67,0.993333333,0.0069,149,2
blue,54.99,0.993333333,0.0079,149,2
blue,43.79,0.993333333,0.0064,149,2
blue,58.98,0.993333333,0.0085,149,2
blue,41.88,0.993333333,0.0061,149,2
blue,59.16,0.993333333,0.0087,149,2
blue,45.33,0.993333333,0.0069,149,2
blue,48.11,0.993333333,0.0071,149,2
blue,54.14,0.993333333,0.0078,149,2
blue,53.8,0.993333333,0.0078,149,2
blue,46.08,0.993333333,0.0067,149,2
blue,47.86,0.993333333,0.007,149,2
blue,50.05,0.993333333,0.0073,149,2
blue,49.26,0.993333333,0.0072,149,2
blue,49.47,0.993333333,0.0072,149,2
blue,50.77,0.993333333,0.0074,149,2
blue,49.61,0.993333333,0.0073,149,2
blue,52.24,0.993333333,0.0076,149,2
blue,46.89,0.993333333,0.0069,149,2
blue,53.33,0.993333333,0.0077,149,2
blue,48,0.993333333,0.007,149,2
blue,48.62,0.993333333,0.0071,149,2
blue,50.85,0.993333333,0.0074,149,2
blue,49.68,0.993333333,0.0072,149,2
blue,49.07,0.993333333,0.0072,149,2
blue,47.46,0.993333333,0.0069,149,2
blue,53.82,0.993333333,0.0078,149,2
blue,48.8,0.993333333,0.0072,149,2
blue,49.13,0.993333333,0.0073,149,2
blue,52.59,0.993333333,0.0077,149,2
blue,53.48,0.993333333,0.0078,149,2
blue,47.54,0.993333333,0.0069,149,2
blue,51.29,0.993333333,0.0074,149,2
blue,49.58,0.993333333,0.0072,149,2
blue,50.31,0.993333333,0.0073,149,2
blue,49.32,0.993333333,0.0072,149,2
blue,51.4,0.993333333,0.0075,149,2
blue,45.69,0.993333333,0.0067,149,2
blue,53.77,0.993333333,0.0078,149,2
blue,45.6,0.993333333,0.0067,149,2
blue,52.43,0.993333333,0.0078,149,2
blue,51.87,0.993333333,0.0078,149,2
blue,45.19,0.993333333,0.0068,149,2
blue,58.2,0.993333333,0.0085,149,2
blue,42.66,0.993333333,0.0063,149,2
blue,59.47,0.993333333,0.0086,149,2
blue,55.02,0.993333333,0.0081,149,2
blue,46.22,0.993333333,0.0069,149,2
blue,51.44,0.993333333,0.0077,149,2
blue,49.49,0.993333333,0.0074,149,2
blue,52.78,0.993333333,0.0078,149,2
blue,45.21,0.993333333,0.0068,149,2
blue,59.72,0.993333333,0.0086,149,2
blue,41.79,0.993333333,0.0062,149,2
blue,44.64,0.993333333,0.0067,149,2
blue,52.23,0.993333333,0.0079,149,2
blue,49.87,0.993333333,0.0075,149,2
blue,46.79,0.993333333,0.0072,149,2
blue,53.31,0.993333333,0.008,149,2
blue,44.27,0.993333333,0.0068,149,2
blue,41.29,0.993333333,0.006,149,2
blue,60.47,0.993333333,0.0085,149,2
blue,43.18,0.993333333,0.0062,149,2
blue,43.9,0.993333333,0.0064,149,2
blue,56.81,0.993333333,0.0082,149,2
blue,45.59,0.993333333,0.0067,149,2
blue,53.17,0.993333333,0.0078,149,2
blue,46.49,0.993333333,0.0068,149,2
blue,51.8,0.993333333,0.0076,149,2
blue,49.81,0.993333333,0.0073,149,2
blue,48.24,0.993333333,0.0072,149,2
blue,56.55,0.993333333,0.0083,149,2
blue,42.87,0.993333333,0.0064,149,2
blue,61.29,0.993333333,0.0087,149,2
green,41.17,0.95,0.0048,19,2
green,61.75,0.95,0.0143,19,3
blue,54.65,0.993333333,0.0101,149,3
green,54.62,0.95,0.0165,19,3
green,57.97,0.95,0.011,19,3
blue,56.14,0.993333333,0.011,149,2
green,56.12,0.95,0.0046,19,2
blue,51.65,0.993333333,0.0064,149,3
green,51.63,0.95,0.0091,19,3
blue,56.94,0.993333333,0.0049,149,3
green,56.91,0.95,0.0113,19,3
blue,51.72,0.993333333,0.0091,149,2
green,51.7,0.95,0.0064,19,2
blue,54.84,0.993333333,0.0106,149,2
green,54.82,0.95,0.0042,19,2
blue,57.31,0.993333333,0.0062,149,3
green,57.28,0.95,0.0097,19,3
blue,53.03,0.993333333,0.0046,149,3
green,53.01,0.95,0.0108,19,3
green,60.35,0.95,0.0059,19,2
green,48.59,0.95,0.0038,19,2
blue,47.99,0.993333333,0.0047,149,3
green,47.97,0.95,0.0106,19,3
blue,50.74,0.993333333,0.0109,149,2
green,50.72,0.95,0.0048,19,2
blue,57.3,0.993333333,0.0064,149,3
green,57.27,0.95,0.01,19,3
blue,50.1,0.993333333,0.0041,149,3
green,50.08,0.95,0.0102,19,3
blue,50.59,0.993333333,0.0103,149,2
green,50.57,0.95,0.0044,19,2
blue,48.82,0.993333333,0.0042,149,3
blue,47.61,0.993333333,0.0095,149,2
green,47.59,0.95,0.0042,19,2
blue,45.22,0.993333333,0.0043,149,3
green,45.2,0.95,0.0095,19,3
blue,44.73,0.993333333,0.0093,149,2
green,44.71,0.95,0.0045,19,2
green,43.57,0.95,0.0091,19,3
green,43.8,0.95,0.0049,19,2
blue,41.77,0.993333333,0.0049,149,3
green,41.75,0.95,0.0085,19,3
blue,61.32,0.993333333,0.0112,149,2
green,61.3,0.95,0.0049,19,2
blue,42.11,0.993333333,0.0069,149,3
green,42.09,0.95,0.0075,19,3
blue,60.63,0.993333333,0.005,149,3
green,60.6,0.95,0.0114,19,3
blue,45.07,0.993333333,0.0078,149,2
green,45.05,0.95,0.0066,19,2
blue,59.95,0.993333333,0.011,149,2
green,46.2,0.95,0.0085,19,3
green,59,0.95,0.0115,19,3
blue,47.12,0.993333333,0.0085,149,2
green,47.1,0.95,0.0067,19,2
green,59.13,0.95,0.005,19,2
blue,47.23,0.993333333,0.0065,149,3
blue,58.44,0.993333333,0.0047,149,3
green,58.41,0.95,0.0111,19,3
blue,48.54,0.993333333,0.0088,149,2
green,48.52,0.95,0.0067,19,2
blue,47.44,0.993333333,0.0066,149,3
green,47.41,0.95,0.0087,19,3
blue,57.23,0.993333333,0.0047,149,3
green,57.2,0.95,0.0112,19,3
blue,49.69,0.993333333,0.0088,149,2
green,49.66,0.95,0.0066,19,2
blue,59.73,0.993333333,0.0121,149,2
blue,42.86,0.993333333,0.007,149,3
green,42.84,0.95,0.0079,19,3
blue,60.36,0.993333333,0.0049,149,3
green,60.34,0.95,0.0113,19,3
green,45.94,0.95,0.0066,19,2
blue,59.86,0.993333333,0.0112,149,2
green,59.83,0.95,0.0047,19,2
blue,47.33,0.993333333,0.0065,149,3
green,47.31,0.95,0.0085,19,3
blue,58.61,0.993333333,0.0049,149,3
blue,48.28,0.993333333,0.0086,149,2
green,58.49,0.95,0.0046,19,2
green,49.45,0.95,0.0089,19,3
green,45.87,0.95,0.0086,19,3
blue,56.64,0.993333333,0.0047,149,3
green,56.62,0.95,0.0111,19,3
blue,52.96,0.993333333,0.0089,149,2
green,52.93,0.95,0.0063,19,2
green,54.36,0.95,0.0042,19,2
blue,56.33,0.993333333,0.0064,149,3
green,56.3,0.95,0.0096,19,3
blue,54.38,0.993333333,0.0048,149,3
blue,53.02,0.993333333,0.0092,149,2
green,52.99,0.95,0.0062,19,2
blue,51.9,0.993333333,0.0103,149,2
green,51.88,0.95,0.0041,19,2
green,60.33,0.95,0.0101,19,3
green,54.3,0.95,0.0115,19,3
green,51.78,0.95,0.0063,19,2
blue,52.57,0.993333333,0.0101,149,2
green,52.55,0.95,0.004,19,2
blue,48.87,0.993333333,0.0042,149,3
blue,46.66,0.993333333,0.0094,149,2
green,46.64,0.95,0.0042,19,2
blue,44.46,0.993333333,0.0045,149,3
green,44.44,0.95,0.0096,19,3
blue,44.07,0.993333333,0.0088,149,2
blue,61.77,0.993333333,0.0112,149,2
green,61.74,0.95,0.005,19,2
blue,45.47,0.993333333,0.0086,149,2
green,45.45,0.95,0.0063,19,2
blue,42.56,0.993333333,0.0407,149,2
green,42.55,0.95,0.0393,19,2
blue,42.42,0.993333333,0.2258,149,3
green,42.38,0.95,0.2421,19,2
green,45.7,0.95,0.277,19,2
green,50.86,0.95,0.2886,19,2
blue,53.16,0.993333333,0.2954,149,2
green,53.14,0.95,0.3,19,2
blue,53.44,0.993333333,0.307,149,2
green,53.42,0.95,0.3117,19,2
blue,42.26,0.993333333,0.3169,149,2
green,42.24,0.95,0.3214,19,2
blue,42.14,0.993333333,0.0035,149,3
green,42.12,0.95,0.01,19,3
blue,47.19,0.993333333,0.0067,149,3
blue,55.07,0.993333333,0.0041,149,3
blue,56.72,0.993333333,0.0097,149,2
green,56.69,0.95,0.0066,19,2
blue,54.79,0.993333333,0.0112,149,2
green,54.77,0.95,0.0048,19,2
green,50.71,0.95,0.0093,19,3
blue,55.99,0.993333333,0.0048,149,3
green,55.96,0.95,0.0112,19,3
red,64.05,0.9875,0.0091,79,2
red,42.7,0.9875,0.0156,79,2
red,26.73,0.975,0.0046,78,2
blue,28.06,0.993333333,0.0702,149,2
red,27.07,0.975,0.0005,78,3
green,66.51,0.95,0.0115,19,2
green,99.77,0.95,0.3056,19,2
red,19.29,0.9625,0.006,77,2
blue,79.85,0.973333333,0.0045,146,3
blue,65.58,0.973333333,0.015,146,3
blue,67.9,0.973333333,0.5284,146,3
blue,73.56,0.973333333,0.6397,146,3
blue,98.37,0.973333333,0.6466,146,3
blue,34.53,0.966666667,0.0064,145,3
blue,42.98,0.96,0.0108,144,3
blue,44.47,0.96,0.0231,144,3
blue,44.38,0.96,0.074,144,3
blue,40.02,0.953333333,0.0125,143,1
blue,85.39,0.946666667,0.0102,142,1
blue,56.93,0.946666667,0.0094,142,1
red,40.21,0.875,0.0101,70,1
red,40.78,0.875,0.0492,70,1
red,43.36,0.875,0.0586,70,1
red,56.18,0.875,0.0794,70,1
red,48.36,0.875,0.0874,70,1
red,44.49,0.875,0.0816,70,1
red,53.84,0.875,0.0715,70,1
red,40.38,0.875,0.0303,70,1
red,40.35,0.875,0.126,70,1
red,40.08,0.875,0.0357,70,1
red,42.73,0.875,0.0185,70,1
red,44.5,0.875,0.0184,70,1
red,43.19,0.875,0.0143,70,1
red,45.13,0.875,0.0635,70,1
red,42.39,0.875,0.0508,70,1
red,40.18,0.875,0.0236,70,1
red,53.2,0.875,0.0762,70,1
red,41.12,0.875,0.0969,70,1
red,41.31,0.875,0.0695,70,1
red,40.17,0.875,0.082,70,1
red,41.2,0.875,0.0238,70,1
red,53.27,0.875,0.0867,70,1
red,42.19,0.875,0.0699,70,1
red,51.55,0.875,0.0493,70,1
red,42.32,0.875,0.1127,70,1
red,51,0.875,0.105,70,1
red,41.54,0.875,0.0169,70,1
red,45.97,0.875,0.0844,70,1
red,40.69,0.875,0.1187,70,1
red,43.27,0.875,0.0397,70,1
red,40.67,0.875,0.0443,70,1
green,14,0.95,0.0126,19,1
blue,26.13,0.993333333,0.0008,149,1
green,21.73,0.9,0.0061,18,1
blue,26.43,0.993333333,0.1475,149,1
blue,13.5,0.986666667,0.0088,148,1
blue,14.39,0.986666667,0.0825,148,1
red,14.77,0.975,0.0087,78,2
red,10.08,0.975,0.0155,78,2
red,15.12,0.975,0.0699,78,2
red,11.54,0.975,0.0814,78,2
blue,64.09,0.98,0.0102,147,1
blue,51.93,0.973333333,0.0088,146,1
red,26.05,0.9625,0.0005,77,2
red,26.84,0.9625,0.0141,77,2
green,24.62,0.65,0.0102,13,2
red,0.05,0.975,0.309587763,78,1
blue,33.70635376,0.986666667,0.003757103,148,1
green,0.05,0.85,0.309589564,17,1
red,0.05,0.975,0.316153406,78,1
blue,33.70635376,0.986666667,0.010861651,148,1
green,0.05,0.85,0.316155207,17,1
red,0.033333333,0.975,0.308357838,78,1
blue,22.47090251,0.986666667,0.012677999,148,1
green,0.033333333,0.85,0.308359639,17,1
red,0.033333335,0.975,0.295223643,78,1
blue,22.47090394,0.986666667,0.019565607,148,1
green,0.033333335,0.85,0.295225472,17,1
red,0.033333331,0.975,0.281602727,78,1
blue,22.47090108,0.986666667,0.030179472,148,1
green,0.033333331,0.85,0.2816045,17,1
red,0.047847109,0.975,0.28440384,78,1
blue,32.25503175,0.986666667,0.033718257,148,1
green,0.047847109,0.85,0.284405641,17,1
red,0.033333333,0.975,0.274599762,78,1
blue,22.47090251,0.986666667,0.046092524,148,1
green,0.033333333,0.85,0.274601536,17,1
red,0.033333335,0.975,0.261108402,78,1
blue,22.47090394,0.986666667,0.057648153,148,1
green,0.033333335,0.85,0.261110203,17,1
red,0.033333333,0.975,0.2473131,78,1
blue,22.47090251,0.986666667,0.069089416,148,1
green,0.033333333,0.85,0.2473149,17,1
red,0.033333333,0.975,0.233371977,78,1
blue,22.47090251,0.986666667,0.081106049,148,1
green,0.033333333,0.85,0.233373778,17,1
red,0.033333335,0.975,0.21958996,78,1
blue,22.47090394,0.986666667,0.093438614,148,1
green,0.033333335,0.85,0.219591747,17,1
red,0.033333333,0.975,0.205861763,78,1
blue,22.47090251,0.986666667,0.106060492,148,1
green,0.033333333,0.85,0.20586355,17,1
red,0.033333331,0.975,0.191905153,78,1
blue,22.47090108,0.986666667,0.119139315,148,1
green,0.033333331,0.85,0.19190694,17,1
red,0.033333333,0.975,0.177955275,78,1
blue,22.47090251,0.986666667,0.132390278,148,1
green,0.033333333,0.85,0.177957062,17,1
red,0.033333333,0.975,0.164047539,78,1
blue,22.47090251,0.986666667,0.145731178,148,1
green,0.033333333,0.85,0.164049326,17,1
red,0.033333333,0.975,0.150325604,78,1
blue,22.47090251,0.986666667,0.158989235,148,1
green,0.033333333,0.85,0.150327391,17,1
red,0.033333331,0.975,0.136342395,78,1
blue,22.47090108,0.986666667,0.172574549,148,1
green,0.033333331,0.85,0.136344168,17,1
red,0.033333335,0.975,0.122728987,78,1
blue,22.47090394,0.986666667,0.185857403,148,1
green,0.033333335,0.85,0.12273076,17,1
red,0.033333335,0.975,0.109090476,78,1
blue,22.47090394,0.986666667,0.199209607,148,1
green,0.033333335,0.85,0.10909227,17,1
red,0.033333335,0.975,0.095320948,78,1
blue,22.47090394,0.986666667,0.212727039,148,1
green,0.033333335,0.85,0.095322735,17,1
red,0.033333335,0.975,0.08147177,78,1
blue,22.47090394,0.986666667,0.226353345,148,1
green,0.033333335,0.85,0.081473564,17,1
red,0.033333335,0.975,0.067796902,78,1
blue,22.47090394,0.986666667,0.239833276,148,1
green,0.033333335,0.85,0.067798696,17,1
red,0.033333335,0.975,0.053875115,78,1
blue,22.47090394,0.986666667,0.25357807,148,1
green,0.033333335,0.85,0.053876902,17,1
red,0.033333329,0.975,0.042831643,78,1
blue,22.47089965,0.986666667,0.264162062,148,1
green,0.033333329,0.85,0.042833444,17,1
red,0.034509428,0.975,0.037118305,78,1
blue,23.26373955,0.986666667,0.26999309,148,1
green,0.034509428,0.85,0.037120103,17,1
red,0.05,0.975,0.042421283,78,1
blue,33.70635376,0.986666667,0.26450978,148,1
green,0.05,0.85,0.042423088,17,1
red,0.033333331,0.975,0.047240479,78,1
blue,22.47090108,0.986666667,0.259684198,148,1
green,0.033333331,0.85,0.047242284,17,1
red,0.033333333,0.975,0.045991599,78,1
blue,22.47090251,0.986666667,0.261063379,148,1
green,0.033333333,0.85,0.0459934,17,1
red,0.05,0.975,0.055869363,78,1
blue,33.70635376,0.986666667,0.251173549,148,1
green,0.05,0.85,0.05587116,17,1
red,0.046284901,0.975,0.059610095,78,1
blue,31.20190469,0.986666667,0.24742642,148,1
green,0.046284901,0.85,0.059611903,17,1
red,0.033333333,0.975,0.049446323,78,1
blue,22.47090251,0.986666667,0.257607862,148,1
green,0.033333333,0.85,0.049448124,17,1
red,0.033333331,0.975,0.036023734,78,1
blue,22.47090108,0.986666667,0.271053867,148,1
green,0.033333331,0.85,0.036025535,17,1
red,0.033333333,0.975,0.022452547,78,1
blue,22.47090251,0.986666667,0.284685949,148,1
green,0.033333333,0.85,0.022454332,17,1
red,0.05,0.975,0.024472936,78,1
blue,33.70635376,0.986666667,0.282657823,148,1
green,0.05,0.85,0.024474725,17,1
red,0.039903979,0.975,0.031367494,78,1
blue,26.90035239,0.986666667,0.275718473,148,1
green,0.039903979,0.85,0.031369292,17,1
red,0.05,0.975,0.041603016,78,1
blue,33.70635376,0.986666667,0.265432411,148,1
green,0.05,0.85,0.041604817,17,1
red,0.047567039,0.975,0.045543922,78,1
blue,32.06622921,0.986666667,0.26150167,148,1
green,0.047567039,0.85,0.045545723,17,1
red,0.033333335,0.975,0.041004664,78,1
blue,22.47090394,0.986666667,0.266045033,148,1
green,0.033333335,0.85,0.041006465,17,1
red,0.05,0.975,0.052950413,78,1
blue,33.70635376,0.986666667,0.25409261,148,1
green,0.05,0.85,0.052952214,17,1
red,0.05,0.975,0.064500989,78,1
blue,33.70635376,0.986666667,0.242563406,148,1
green,0.05,0.85,0.06450279,17,1
red,0.045731424,0.975,0.075962152,78,1
blue,30.82879099,0.986666667,0.231204542,148,1
green,0.045731424,0.85,0.07596396,17,1
red,0.045133584,0.975,0.07900243,78,1
blue,30.42577069,0.986666667,0.229403389,148,1
green,0.045133584,0.85,0.07900421,17,1
red,0.033333333,0.975,0.068600242,78,1
blue,22.47090251,0.986666667,0.241571924,148,1
green,0.033333333,0.85,0.06860198,17,1
red,0.033333331,0.975,0.055220504,78,1
blue,22.47090108,0.986666667,0.255151585,148,1
green,0.033333331,0.85,0.055222215,17,1
red,0.046840227,0.975,0.055126472,78,1
blue,31.57626519,0.986666667,0.256738594,148,1
green,0.046840227,0.85,0.055128137,17,1
red,0.05,0.975,0.063826367,78,1
blue,33.70635376,0.986666667,0.250886813,148,1
green,0.05,0.85,0.063827988,17,1
red,0.05,0.975,0.070945076,78,1
blue,33.70635376,0.986666667,0.247920595,148,1
green,0.05,0.85,0.070946641,17,1
